Date,Benthic.filter.feeder..BFF,Benthic.grazer..BG,Benthopelagic..FBP,Bivalves..BIV,Chinook.salmon..FCH,chum.salmon..FCU,Coho.salmon..FCO,Crabs..BRL,Dogfish..SHD,Dungeness.Crab..DCR,Fraser.River.Sockeye..FSS,Hake..FHK,Harbor.porpoise..PHR,Harbour.seals..HSL,Hatchery.Chinook.salmon..HCH,Hatchery.Coho.salmon..HCO,Hatchery.Fraser.River.Sockeye..HSS,Humpback.whales..WHB,Large.Demersal.fish..FDL,Large.flatfish.and.Halibut..FFL,Lingcod..FLC,Macroalgae..MA,Macrozoobenthos..BMD,Orcas.Resident..ORR,Orcas.Transient..ORT,Other.salmonids..FSO,Pacific.herring..FHE,Pelagic.Bacteria..PB,Pink.salmon..FPI,Pollock..FPO,Ratfish..SRA,Rockfish..FRO,Sandlance..FSA,Seabirds..mainly.non.piscivorous...SP,Seabirds..piscivorous...SB,Seagrass..SG,Sealions..CSL,Sixgill..SHS,Skates..SSK,Small.Demersal.fish..FDS,Small.Flatfish..FFS,Small.planktivorous.fish..FPS,Sponges..SPH,Squid..CEP
1/12/07,144.942325,9482.791739,7172.200867,1156277.658,12251.92146,919.4284348,23962.99192,343653.1719,1621.177652,86558.68646,473852.81,2746719.702,299546.9242,38998.6841,7723.25353,6346.825513,4681.128432,6911.702363,46009.52214,331799.2047,327303.0166,624292.1135,393124.8764,3659.99242,1316.025004,8129.584222,56551882.25,71454048.14,195008.842,53057.34807,277.4621068,68077.73066,209356.0471,433.1914258,1170.700786,177782.1082,5636.678351,3533.224327,416125.4402,194713.9201,524212.5567,28422865.34,4452.927043,140.8506345
4/12/07,144.7823429,7653.006196,6960.488824,1156147.301,14862.86165,755.4829861,16578.70453,346551.1666,1679.18104,86733.09799,511653.2163,2232634.762,314826.2436,41517.65809,8013.240207,5551.65015,4976.345997,7082.421276,41377.24365,350944.1499,285649.5419,626098.9662,393268.0783,3811.172276,1332.577425,6825.147034,60371014.04,70850931.18,159553.0901,57966.9295,283.4726191,72460.37772,210276.6976,453.2097543,1269.598341,199830.7428,5940.665439,3286.342677,458144.4412,156592.9731,608964.6541,30971647.68,4397.509183,138.7196517
7/11/07,144.6212555,6398.805991,7403.724269,1150009.709,17607.1752,851.1397201,20188.0962,348870.0267,1737.805009,86881.73861,405193.9076,2396402.745,309199.1885,44063.21074,7113.431182,5742.580642,5090.648299,7409.352873,45386.21481,382630.2389,317581.2842,630738.9154,393303.9349,3833.543118,1388.893835,7178.246127,65260243.4,70420642.81,171063.6535,62907.15207,258.6329845,62103.73761,168174.1681,398.1419174,1138.276095,237476.3331,6241.987305,3326.324396,500399.1443,174600.02,692260.0539,24140497.58,4339.421754,136.6090579
10/9/07,144.4615082,5505.894749,7869.712244,1142948.352,20387.84682,948.06778,23620.69041,350659.0143,1772.792839,86987.00085,447956.6059,2562120.333,328894.8091,46349.34279,7321.504054,6083.105561,5323.710954,7692.452115,49537.29225,414303.0995,350330.2132,632719.8755,393239.2715,4034.925287,1376.982152,7525.009829,70859828.86,73153983.53,183448.3204,51963.34665,268.4190353,65894.12709,165352.7108,427.2925977,1254.580491,245635.0077,6003.576233,3382.718632,542463.5429,192714.5208,775540.3515,27598395.89,4276.602482,134.6856539
1/7/08,144.3041189,4884.843923,8338.450558,1141299.059,14086.51389,1033.932008,26645.23794,353091.5417,1589.596619,87105.30096,489407.5329,2729424.896,349268.1283,45985.94974,7742.035021,6364.896626,4687.14882,7367.845635,53622.89778,335937.4136,383853.8556,632449.6071,393104.6635,4235.8372,1367.878644,7875.004878,58532019.69,75255442,198951.141,57099.06458,274.5425848,70536.19165,186958.0719,451.6741315,1371.381204,252318.2297,6346.692674,3437.664635,571810.1123,210797.3028,557702.0346,30844134.74,4218.542159,132.8685898
4/6/08,144.1471072,4611.702565,8070.631757,1138367.345,17074.30103,853.5562486,18236.02407,356269.2671,1646.942444,87256.12206,527908.0741,2198621.323,369888.4626,48850.43429,8027.064896,5528.227274,4986.769667,7547.570679,47350.24471,348081.7259,331921.3955,638515.333,392941.0571,4414.085195,1385.673068,6629.560204,62256687.57,74901074.99,163982.1229,62284.43848,280.1591991,74937.96048,187857.1359,394.4331125,1489.161139,263067.4474,6683.927931,3190.551797,508428.006,167576.8104,647868.8864,33501134.42,4165.317658,130.8791608
7/5/08,143.9888748,4660.281396,8557.700756,1128662.832,20224.8405,963.5149029,22355.30918,358529.4092,1703.984311,87370.53748,419990.2761,2358562.691,364620.7635,51743.03818,7102.557801,5879.330301,5104.586618,7884.682226,51912.3527,379303.7915,367798.8985,651127.7272,392808.4488,4383.4538,1445.624468,7022.213773,67050952.62,74340316.13,175341.5638,67466.61497,253.991037,63686.11377,143788.8506,418.9468194,1335.39275,273150.2838,7017.229762,3231.932015,555548.0548,186962.9582,735870.8496,23505575.39,4108.136336,128.8830141
10/3/08,143.8323882,4949.982073,9074.520878,1123426.179,23254.10873,1074.133155,26304.2455,359921.1733,1531.214001,87432.19315,466263.454,2519184.982,383768.0545,50522.30117,7491.481247,6079.080589,5338.435146,8175.753237,56615.25958,410090.2151,404224.5718,656864.5792,392685.7075,4594.213391,1427.620136,7404.083152,72853030.3,76748488.82,187570.993,55086.68702,262.3314566,67470.57724,139585.7168,448.3208659,1472.686407,279492.7426,6789.638927,3292.505206,602441.4396,206385.7232,823244.0523,27006375.44,4046.795731,127.0013438
1/1/09,143.6782048,5692.172565,9598.634601,1127414.286,26199.83128,1171.68532,29723.22359,362019.5892,1576.870617,87510.02971,513340.5827,2682042.626,404235.5998,53894.68627,7743.698862,6368.632998,4688.951288,7857.036127,61252.58366,336155.381,441740.6051,656162.7433,392608.0159,4805.660365,1425.703249,7777.587516,77899875.3,78870915.84,203208.6775,60243.23482,268.6335337,72096.36419,157863.9154,472.6274529,1609.609939,282580.2482,7174.291519,3351.838775,635409.2934,225822.2414,594013.4453,30332598.99,3990.991038,125.2412956
4/1/09,143.5244391,7219.45901,9222.280158,1131642.251,19114.24664,962.7277962,20657.36924,364993.2813,1633.929618,87633.95887,558690.1039,2229303.452,425199.3203,57157.7756,8034.184514,5528.857305,4988.71458,8012.040901,53953.25589,348663.7087,380478.9671,658135.51,392647.5573,4996.266862,1444.934225,6548.861299,63462537.97,78497920.1,167073.9952,65375.22671,274.2410301,76547.02468,160737.4424,408.4691341,1746.251986,291763.9352,7550.885623,3124.171861,566740.8491,180899.2644,687828.9737,33104554.96,3940.29385,123.3429693
6/30/09,143.3694466,9252.808024,9757.960215,1128661.613,22590.82148,1087.320434,25140.97058,367235.2288,1690.486472,87738.04782,448515.4761,2297263.084,447082.7363,60454.3231,7078.525509,5882.473379,5106.814174,8347.002719,59129.12647,378647.4835,420081.2417,660753.5406,392789.2784,5007.611795,1422.843345,6897.076059,68275119.05,77824331.74,178486.5931,70453.5645,250.9347021,65027.60461,129008.5514,432.4177829,1565.170794,301353.6483,7923.337549,3184.994861,619241.6965,201571.4464,779374.7991,22496350.86,3886.461035,121.4230753
9/28/09,143.2161739,11827.93684,10317.25268,1123790.571,25927.44171,1206.83513,29461.57126,368804.0844,1714.732125,87805.61169,501127.3812,2452175.362,440317.534,63565.44758,7463.831468,6064.489278,5341.668296,8623.549177,64417.58038,407986.8716,459944.9523,660105.2521,392992.8148,5246.87434,1417.055024,7289.010027,74070156.07,80000875.17,190671.8589,57280.37814,259.5701068,68792.36273,128226.8095,462.0072897,1724.935816,303285.3188,7670.660535,3245.193426,671396.5291,222144.6409,870073.5473,25943743.5,3828.550014,119.5890741
12/27/09,143.0651888,15734.4017,10881.56748,1125515.172,29173.11532,1318.756091,33158.92725,370733.372,1532.950778,87885.51265,552966.6456,2609236.515,465324.5408,62804.58099,7714.295355,6348.459291,4662.131155,8720.583601,69629.31217,330994.4513,500977.8508,657365.108,393363.3311,5487.40404,1407.971364,7673.145603,79098631.5,82062061.38,206369.0645,62251.43339,265.2493169,73357.81195,145565.7241,486.8158429,1883.354491,298638.6494,8102.425974,3306.221061,702591.1082,242654.6356,636821.0259,29200330.67,3775.792117,117.8863619
3/27/10,142.9146982,22062.323,10395.63207,1127016.561,20921.97729,1091.655424,22557.91388,373212.8129,1589.20334,88006.61326,604574.5245,2169052.459,491489.5674,66492.3306,8001.279808,5490.198152,4961.546289,8398.829859,61250.94515,331138.6312,428320.3869,660130.1289,394036.6311,5701.447373,1429.763432,6500.88512,64738260.35,81491580.9,221233.8674,67143.04156,270.5225624,77755.50998,147763.6327,506.4616431,2039.799309,304901.0211,8523.787963,3026.159061,625755.6427,191473.2421,713232.5309,31895283.7,3727.840956,116.0676993
6/25/10,142.7635142,29922.04951,10952.05888,1121161.354,24746.40319,1231.840353,27193.33512,375156.6494,1644.572348,88112.42687,488204.2764,2231735.604,518954.0778,70207.70595,8258.812689,5844.564637,5079.182839,8716.885541,67269.62487,358869.3676,471448.4111,709311.0405,394898.1371,5707.523438,1407.353489,6932.504233,69488186.14,80381680.41,179574.9742,71948.79186,273.1940807,65520.75355,113762.0234,443.6696648,1823.423168,314474.4563,8940.826856,3077.043581,683879.7271,213054.6182,807211.9943,21775455.24,3678.432722,114.247748
9/23/10,142.6134511,38538.36898,11551.61842,1116650.396,28399.76683,1366.899412,31922.53699,376196.8519,1476.826419,88171.79248,547024.0944,2381942.82,512328.5404,73462.40369,7403.612761,6033.582951,5316.759056,8981.283822,73176.60276,386004.8981,514751.8215,710257.5728,395875.9059,5981.9522,1403.064801,7353.066054,75501237.7,82187290.17,192033.905,59390.80072,253.0940715,68875.73752,114344.3351,474.6019161,2007.220376,310645.9374,8587.249444,3146.192435,741597.8628,234513.0912,900063.7245,25226494.58,3624.331586,112.5277327
12/22/10,142.4655455,49806.39542,12159.89375,1121794.27,31967.09928,1493.862293,35921.71671,377378.2258,1520.190168,88242.52305,605806.2219,2534535.865,544049.9649,72566.95436,7655.407509,6320.169468,4629.90452,9041.176677,78967.23327,413084.5223,559330.4294,706301.8301,397300.3201,6258.111441,1397.490301,7770.84255,80904803.44,84181977.61,207874.1024,62984.94263,258.9683497,73299.92856,129476.1931,500.6409722,2187.239688,297375.9979,9068.239013,3215.805708,798880.6047,255987.5512,646196.9265,28528876.03,3574.022897,110.9335309
3/22/11,142.3180119,65841.86699,11593.52032,1126995.748,23002.56336,1230.059651,24177.34455,378968.0991,1575.992483,88362.91486,663987.5869,2049347.309,577921.9671,76730.48144,7943.644616,5483.221118,4930.847132,8698.61354,69071.42205,319842.5141,478177.5416,705294.7901,399597.1103,6503.786773,1421.193094,6583.390058,66013113.04,83554111.14,170324.7,67511.59458,264.3670046,77547.39316,129809.6038,520.7470551,2364.121889,302642.5997,9534.529989,2976.573578,695151.1917,210249.2044,745657.6946,31291080.95,3529.247771,109.2413205
6/20/11,142.1697265,84733.15432,12182.91008,1126651.289,27016.44551,1392.96954,29153.21462,380320.8493,1630.449437,88474.98518,538413.031,2196601.547,614165.6393,80923.55216,8197.776969,5836.45609,5048.818541,8995.04263,75859.05024,346096.1478,521763.0318,705929.6529,402326.5583,6522.974846,1529.671488,7000.01585,70917043.51,82356795.79,182489.6684,71927.87368,269.76983,65411.40854,99536.57672,455.1299175,2102.833805,316892.7809,9995.816566,3028.824098,759717.8049,224554.2624,842367.0511,22686527.4,3484.318346,107.5368995
9/18/11,142.0226621,104063.8296,12814.24182,1122854.624,31138.24628,1546.896331,34228.75521,380828.7507,1664.252864,88543.96816,603420.2884,2343888.268,602544.4531,84664.42138,7328.890821,6025.469164,5294.965716,9236.675926,82515.29394,371691.6749,568881.7329,704235.4827,405337.5939,6840.166541,1527.903217,7445.684835,77053335.01,83644867.84,195229.2986,59899.27614,248.7355715,68644.49753,102697.8472,487.6948587,2308.850525,307763.3336,9634.348853,3100.237374,823811.5619,246877.6034,937586.5225,26275624.31,3434.685616,105.8705957
12/17/11,141.8777795,124551.9357,13460.37968,1124084.293,35008.87206,1690.705403,38535.90354,381047.0232,1489.02571,88623.28381,669702.064,2493619.995,636777.7583,83502.67998,7583.873451,6315.036583,4628.537341,9288.058439,88923.58163,305268.6757,617385.1032,699892.0707,409453.1891,7159.303525,1518.845659,7881.736712,82608418.63,85482369.3,211199.4152,63036.85893,254.4928639,72878.8104,115459.4975,515.2202491,2508.003513,279370.0311,10163.91859,3172.26367,887394.9687,269274.3699,667117.2071,29724683.78,3387.442163,104.3262618
3/16/12,141.7334009,147041.384,12745.47044,1125739.754,25034.73553,1385.612515,26028.69661,381052.1419,1544.704831,88763.33789,735296.9039,2074837.953,674349.647,88206.11012,7877.644626,5474.81458,4931.454606,8900.898957,77343.80453,301526.4054,526221.0836,698895.8121,415742.2749,7443.922067,1544.287168,6692.010138,66888838.75,84670842.79,226490.0265,67083.41419,259.7235042,76997.84924,117438.3725,535.9279802,2701.379284,277311.6025,10675.30598,2921.379326,772135.7972,219936.0251,766977.6276,32612065.42,3345.349665,102.7190435
6/14/12,141.5883174,174574.8882,13341.06747,1120611.667,29640.27973,1566.617163,31147.72444,381380.4121,1598.552773,88903.58049,582696.2976,2093289.139,716362.8493,92918.40721,8132.060268,5831.492553,5049.759506,9165.177506,84839.18432,325443.0546,571837.802,701101.3435,423194.5711,7374.916186,1518.199379,7133.342356,71527018.05,83113112.37,180808.6792,71000.20162,264.8581221,80984.23363,115040.1405,465.0702388,2406.376149,307049.0727,11182.50587,2977.24687,843607.5749,234726.9273,863784.2089,23125003.22,3303.409991,101.1057791
9/12/12,141.4448738,202230.9928,13998.80544,1110790.648,33766.45723,1739.344148,36513.08631,381038.1379,1652.765212,88987.96452,655887.4932,2234890.061,703616.2943,97132.21508,7269.954822,6021.064259,5289.683698,9377.393414,92430.08854,348336.4574,622140.5288,699289.7295,430959.9902,7692.340119,1526.485043,7604.661206,77582647.55,83998739.49,196750.6074,59311.59925,246.7176786,67489.51247,87099.7345,499.0828964,2611.650872,293889.8875,10786.87914,3051.30983,914485.6117,258092.609,958678.1021,26650920.74,3256.927952,99.49879521
12/11/12,141.3035756,225342.1693,14673.55589,1111663.388,37951.68175,1900.715812,41058.08475,379954.9766,1477.81671,89090.59368,728664.007,2378925.562,745316.2615,95618.91304,7517.791046,6310.908801,4621.182029,9518.383547,99544.45879,282763.2122,673890.2664,697652.9699,441246.2998,8011.05519,1514.048472,8064.627,83213386.41,85765104.3,209248.6311,61508.64092,252.1297687,71582.73593,101288.2265,527.3139235,2823.854926,246615.151,11368.63394,3127.373764,984731.3402,281365.1941,683439.431,30082059.01,3212.437636,98.01346478
3/11/13,141.1631963,240495.4621,13890.23204,1116692.907,26960.86522,1549.414851,27692.67885,377991.5919,1532.244808,89289.21499,799898.3355,2000898.227,791693.458,100826.1466,7810.904856,5444.777164,4922.805651,8983.896393,85797.01577,267153.4927,571547.6978,745549.502,456509.5196,8293.942843,1542.322035,6826.588357,67296593.79,84912953.07,224453.0459,64981.45554,257.0025546,75543.64782,103616.0474,547.7760336,3026.822815,232615.4613,11927.04842,2813.505575,853453.9738,222632.4704,730318.4048,32940250.75,3172.984935,96.4988321
6/9/13,141.021886,258074.8417,14492.22218,1114450.83,31884.65798,1754.821049,32965.68669,376860.5347,1584.186768,89496.25766,561686.3761,2011543.483,841704.9992,105995.7439,8061.57082,5801.267596,5041.79343,9208.179312,94052.82822,287729.8176,619722.2051,762924.2144,473019.09,8274.344954,1664.879375,7292.510545,71832441.46,83337755.2,180486.6008,68311.88102,261.8186898,79350.90795,100570.8532,475.9190657,2678.28595,273660.7062,12479.17426,2964.635869,932209.3489,246552.3226,822222.188,23344457.91,3133.924192,94.97570597
9/7/13,140.8826034,277542.2836,15150.12037,1107704.178,36319.22407,1950.625359,38622.56196,375640.2693,1637.508143,89635.67838,715021.7963,2147052.248,828566.4587,111215.8329,7184.474357,5995.921549,5285.486071,9395.915538,102497.933,307440.0079,672917.9107,760089.4797,488781.8254,8624.972312,1669.54669,7793.650596,77905573.28,83972785.46,196181.7544,71526.5139,241.7418234,66317.91577,81371.66489,508.2573016,2894.434935,270055.7456,11951.66603,3039.820655,1010321.978,270090.3319,912008.9146,26754063.68,3090.189363,93.43015145
12/6/13,140.7454172,285881.7718,15827.67677,1108449.258,40796.82666,2132.324788,43405.94593,373671.6094,1452.546209,89804.43266,793796.9362,2284992.774,882670.2726,108465.1743,7445.680733,6290.55087,4580.904692,9578.074001,110363.9241,326906.6953,727617.7885,753906.1926,507946.1323,8974.782884,1659.115899,8282.733187,83653892.75,86083721.05,208423.7506,58998.3824,247.1796754,70185.28023,94473.06514,537.6562447,3116.575197,219636.4012,12585.30082,3116.117401,1087630.286,293394.142,666034.054,30087967.83,3048.015766,91.99957522
3/6/14,140.6091976,274844.9422,14921.70746,1110789.967,28199.556,1754.264508,29530.93369,370215.4932,1505.767746,90073.98268,868848.4082,2419905.223,943527.4868,114124.1181,7741.552083,5417.970942,4885.962129,8976.570088,94300.03337,233421.0441,615917.0926,750496.45,533932.835,9272.908464,1689.144081,7041.519575,68097773.25,85373583.3,223288.9716,61876.6347,252.0516302,73883.40495,96416.32491,558.3605112,3323.664464,198496.0949,13188.16123,2793.456747,939500.6288,237768.9119,708693.8838,32839778.94,3010.561324,90.55606541
6/4/14,140.4724896,265373.187,15493.94831,1106572.113,33487.68056,1985.830535,35196.01997,367469.6209,1555.857564,90344.14869,700523.6499,1901151.734,1010164.071,119751.5355,7994.548979,5777.697332,5008.062563,9162.489052,103342.0584,250996.1633,666781.3517,761211.9507,559049.0316,9220.218429,1658.39467,7548.974673,72462782.77,83716748.24,179241.2191,64619.22763,256.5904312,77451.79981,94068.08038,489.0198746,2921.608518,244890.4409,13780.3099,2912.215838,1025823.768,251660.6983,794549.1994,22831744.38,2973.769365,89.11175799
9/2/14,140.3373377,267369.7636,16136.28365,1094892.714,38257.98871,2206.002025,41017.14137,365445.2815,1606.312467,90537.8654,784876.6529,2030495.888,987293.2171,125358.7352,7124.946901,5971.668622,5260.972337,9316.801049,112570.8917,267424.8613,722687.7423,761640.8222,581179.664,9595.213993,1674.346253,8070.726814,78421845.84,84201586.04,194922.0625,67265.4017,236.5831199,64049.08536,76262.1225,523.6668714,3157.698536,264403.7138,13195.70907,2987.820518,1111205.515,275001.3469,877994.9922,26009215.2,2932.153508,87.63916317
12/1/14,140.2042032,260702.2624,16804.14369,1091482.061,43046.59797,2410.79801,45980.11594,362581.5373,1426.352226,90734.91989,867866.8189,2162277.271,1052400.447,122004.0737,7369.1402,6270.05706,4558.347688,9575.029624,121201.9398,283833.7154,780213.618,755174.0321,605054.4263,9972.55091,1659.809097,8585.786241,84141107.61,86243370.36,207013.9669,56684.90427,241.4980747,67663.62908,89454.10964,552.0137087,3376.783361,218872.4219,13866.73661,3066.811748,1195711.321,298179.0808,631895.888,29099922.83,2891.719596,86.26547562
3/1/15,140.0721053,236639.023,15770.38165,1094193.511,30342.01684,1996.05044,51441.23883,358250.2009,1478.18476,91014.97724,947081.6403,1820309.518,1130289.773,128058.0719,7665.620077,5399.614493,4866.578735,8880.266543,102923.2294,200976.0735,658228.8855,753193.3108,632442.2593,10306.29318,1683.931475,7289.199499,67327012.64,85556253.84,221804.9609,59052.9692,246.0772818,71150.20738,91499.88268,571.8036569,3578.699222,201571.2706,14502.64603,2741.889603,1046248.847,242037.3621,671244.3161,31590796.36,2855.972893,84.89524938
5/30/15,139.9394243,220496.8881,16311.46829,1092091.051,35951.00911,2245.280723,36008.872,354695.7471,1527.510964,91276.62767,777683.797,1818564.11,1218227.999,134102.0356,7916.937081,5760.521405,4984.791233,9052.836605,112420.5477,215838.2488,711488.5515,778526.6187,653411.7203,10149.96056,1833.638,7830.19233,71624530.45,83953851.86,177378.3118,61312.48588,250.5225727,74435.55069,88058.22811,495.1955911,3133.683611,246764.0451,15132.924,2905.608562,1140450.901,255092.1832,750165.0946,26118746.68,2820.035708,83.52774896
8/28/15,139.8084634,217629.0507,16932.2363,1083059.243,40938.64646,2490.142072,42171.80665,351779.8606,1577.402851,91446.78604,841687.6459,1941770.984,1193319.897,140205.2599,7038.355092,5947.629243,5241.839179,9211.687157,122160.6267,229477.275,769618.7616,780695.252,668049.4234,10513.11239,1850.26457,8378.705142,77582196.49,84308232.8,192778.6922,63482.25886,233.0927432,61438.70888,69321.10395,530.8338308,3343.886387,273776.1672,14512.87016,2983.455254,1233665.607,277979.5332,826758.7506,24376940.65,2779.560612,82.11467756
11/26/15,139.6796765,214496.9575,17585.38099,1079443.607,46053.69044,2720.659183,47378.79026,348605.9502,1388.155548,91621.13556,927457.8534,2067278.403,1265039.442,135870.0527,7298.045508,6240.178371,4557.249629,9486.462704,131725.5932,242969.8115,829352.7017,774841.6071,680710.9404,10875.87818,1834.207096,8911.990102,83322733.32,86586763.43,204397.2714,55071.88248,237.8616053,64773.99975,83867.14557,559.6726439,3555.619565,238025.2842,15236.51729,3064.215684,1325802.983,300814.8054,901534.4193,27137368.66,2740.993915,80.78214598
2/24/16,139.5519374,201930.341,16487.0347,1078093.257,31815.65775,2270.508533,53099.89785,344394.737,1439.686111,91853.10782,1008900.356,2190433.829,1357750.101,142224.2527,7597.649653,6494.290751,4860.393201,8815.775292,111549.0006,172403.4753,703709.1305,771434.5061,691315.1584,11196.6046,1861.681008,7528.65921,67127611.95,86096077.75,218812.1181,57051.7182,242.3941767,68005.20195,86986.3346,579.8845181,3747.599811,216703.0897,15922.80332,2727.192985,1132250.191,244545.4881,624868.0953,29281748.51,2706.994198,79.47606551
5/24/16,139.4235811,193911.3032,17014.99229,1073416.931,37787.04762,2575.435031,37862.19618,340708.8821,1488.879387,92077.86838,827141.9627,1661546.134,1462999.723,148561.0613,7850.141227,5692.035344,4972.601193,8981.297262,121798.6251,184528.1847,757918.2136,794964.5647,697091.7156,11065.86037,1984.311513,8098.018944,71185663.75,84570680.81,175258.2093,58953.22437,246.7737719,71143.95852,83890.44664,499.6378963,3263.730203,268327.8748,16598.1746,2882.623643,1234363.371,256645.4352,698177.1085,23951997.56,2673.733165,78.1797465
8/22/16,139.2969475,196273.3499,17601.47095,1063609.439,43105.69812,2854.023054,44189.55631,337875.5865,1539.120918,92215.99505,895283.1437,1775571.27,1408498.344,155083.3016,6975.921277,5884.224572,5218.147142,9146.496554,132189.5107,195416.0543,817943.1639,843547.657,700139.2196,11459.64116,2006.5911,8699.027078,77047958.95,84825271.22,190206.7603,53036.88865,227.7655284,58976.47071,64957.52498,531.5871444,3457.26276,291537.5057,15821.09237,2962.630388,1335442.564,278688.5128,769116.4428,21998995.64,2636.659355,76.8360933
11/20/16,139.172466,195752.8286,18243.12695,1064750.841,48517.21258,3108.988716,49576.55978,335008.5405,1375.028072,92342.15086,982945.6582,1891854.131,1496399.686,149583.1052,7224.608137,6182.84835,4498.128262,9366.845652,142623.881,206199.7816,879601.9782,835988.0523,702611.6924,11862.40912,1988.755792,9285.188765,83026909.12,87520500.53,201520.7756,52966.48435,232.9578711,62037.07253,78753.38782,562.8428796,3663.093373,262728.9554,16605.74378,3048.563802,1435564.339,300794.6284,838174.2925,24288511.6,2599.925866,75.59549172
2/18/17,139.0491697,183443.4678,17051.16611,1070237.063,33686.51856,2558.222383,55537.74117,331655.8468,1426.783975,92551.9516,1066520.694,2006029.201,1604083.106,155831.1439,7524.493575,6438.994156,4800.408809,8796.930321,152334.2197,144109.4325,740781.4934,828895.1182,704917.1267,12213.15643,2018.770126,7853.276932,66701483.62,87260400.64,215677.7812,54725.71782,237.7110431,65008.81759,83386.48818,583.5432289,3845.219722,240943.13,17335.70152,2667.435862,1223567.42,241361.4406,590783.3439,26008882.99,2567.746245,74.39596161
5/19/17,138.9255453,167538.5701,17574.71328,1070965.267,39907.65941,2911.523209,39023.68122,328464.2268,1475.634564,92779.70455,872542.719,1531017.838,1722172.33,162259.4619,7774.334799,5664.204711,4911.357553,8967.359536,130374.4194,154043.6748,796507.4282,825515.3688,706642.7552,11924.63947,1988.138318,8460.536717,70848085.44,85537772.98,173183.297,56418.26977,242.3138668,67877.80147,82251.77988,505.0991856,3332.418993,263395.6156,18049.48061,2894.055032,1334474.143,251845.1761,658324.0296,21187107.83,2537.123145,73.20711164
8/17/17,138.8033452,158531.7197,18152.77198,1068754.119,45522.3543,3331.521636,45589.79436,325815.5318,1524.984056,92937.9974,941258.1244,1635327.481,1627500.245,168999.7584,6916.79637,5841.367932,5163.036423,9140.750186,141555.6975,162912.5055,858204.8854,821405.2724,708659.6656,12296.02986,2018.159199,9095.949314,76673583.32,85367722.15,187783.9812,58090.89424,225.9007367,55829.71552,66637.37215,537.3761874,3517.275784,294941.4259,17197.99802,2974.823206,1444165.483,273506.332,723695.7065,19022807.64,2503.334989,71.92824637
11/15/17,138.6832606,148901.1785,18761.05819,1070024.481,51226.83324,3734.30179,52035.63071,323423.3639,1348.526806,93085.79268,1029877.213,1742072.602,1710816.12,162775.4511,7159.044303,6129.823411,4451.822797,9449.711135,152691.9188,171648.8051,921663.1383,813881.1776,711664.9376,12680.28215,2006.048988,9714.557934,82620931.48,87679342.03,198806.4549,50815.72545,231.175956,58679.16137,80773.76157,568.9567129,3712.972378,276735.8629,18022.58515,3062.578534,1552744.545,295365.562,786996.2721,21059499.98,2469.261739,70.7224813
2/13/18,138.5643399,128726.9103,17417.67064,1073166.83,34838.88235,3128.382242,34256.08102,320864.0459,1399.814621,93308.02941,1113431.729,1845843.558,1819709.798,169457.2588,7448.488779,6376.012931,4750.291044,8832.48433,129228.3149,141002.6812,775814.9964,808458.7506,715460.9231,13000.11474,2031.826584,8168.715393,67035856.21,87437751.52,212536.1521,52397.82229,235.7533416,61461.30509,85924.05578,589.4336962,3886.840837,259168.4643,18786.63738,2671.132519,1320785.626,239157.182,548933.9092,22604710.84,2439.063753,69.5675385
5/14/18,138.4450765,107583.1593,17872.11405,1071374.357,41450.98236,3522.962309,40704.10685,318487.207,1448.43946,93550.04841,907710.9266,1390196.778,1942137.618,176217.8152,7695.810196,5593.513501,4851.980707,9011.137703,140922.4786,127296.4713,833319.0024,825256.7989,718023.2816,12784.34481,2011.916457,8816.607816,70966412.44,85679408.35,169109.3928,53932.0406,240.1270721,64309.21975,86711.70027,509.8882995,3356.303741,280426.5574,19530.05439,2883.776158,1441048.966,249031.5616,611710.7219,18379433.16,2410.340095,68.43380391
8/12/18,138.3277828,94261.46805,18422.2387,1061843.329,47409.2994,3990.94545,47552.38991,316400.3804,1497.356927,93718.29448,945604.2293,1486019.388,1813430.769,183133.5407,6819.117772,5773.034787,5102.190599,9200.961977,152905.6545,134508.7943,896827.0837,825540.2219,719197.4456,13222.31017,2045.542155,9483.700804,76538203.56,85143559.5,183265.9998,55450.86182,223.5171889,52757.34511,66934.5355,543.5879636,3526.497028,309379.1122,18527.85418,2969.811614,1559902.4,270117.1768,672407.3956,16399820.27,2378.671726,67.3164345
11/10/18,138.2126682,82678.80531,19042.13473,1056427.279,53389.2213,4498.912626,54216.35352,314367.6469,1337.028093,93849.90996,1032801.043,1584405.602,1891366.031,176434.2978,7056.973523,6061.272731,4414.767019,9407.78035,164869.348,141544.6878,962195.2165,821485.0121,719575.7175,13644.59017,2036.890114,10133.40561,82410634.17,87370927.2,193754.3169,48601.54971,228.6868373,55389.91683,81525.55797,575.5759698,3717.103844,299601.9973,19381.51354,3063.527263,1677568.931,291362.7907,731367.16,18112603.48,2346.339233,66.29383377
2/8/19,138.0986932,67618.50719,19624.97654,1055623.812,36507.36484,3701.140655,59692.67223,312496.3171,1388.403649,94036.21063,1116124.405,1680931.942,2002782.826,183308.0609,7382.146391,6308.316005,4709.062593,8959.854795,176058.4013,115461.6048,811956.4802,860477.678,717892.8531,14005.95221,2066.785778,10754.21275,66011873.21,87265897.15,207063.0175,50046.86034,233.33541,57933.94341,87947.36471,595.9660413,3887.847828,288310.0062,20168.31722,2695.783248,1420402.205,234634.8922,525253.2765,19379236.03,2317.609798,65.31821836
5/9/19,137.9846477,54872.49273,18152.54955,1050557.618,42436.53534,4136.095245,41130.87456,310899.2729,1435.81754,94247.59547,909655.4997,1258963.1,2126577.502,190231.7811,7630.912288,5510.497645,4806.080022,9146.987971,149441.6274,103359.4337,871159.2628,898181.6242,713133.1404,13802.43709,2225.365652,9081.256443,69708996.3,85538672.81,168829.9263,51454.38616,237.6749499,60567.89672,86564.40756,511.3540835,3378.180468,310587.3141,20923.43301,2880.109747,1550045.865,243389.2305,583475.3901,20275514.57,2290.602671,64.35223572
8/7/19,137.8725501,47527.72704,18700.44064,1040114.368,48853.78595,4661.437285,48168.23562,309095.6378,1484.09742,94385.2949,936689.3749,1346913.634,1979186.765,197476.7978,6744.249804,5682.815612,5046.884847,9352.12799,162100.4027,109076.5711,936601.8059,892515.9054,707480.0125,14226.06908,2259.219092,9779.216589,75298834.05,84923263.07,176692.6918,52851.5723,219.8092465,48029.79423,65302.01737,542.8246218,3547.18264,328686.3926,19764.76654,2971.807283,1678434.257,263924.2599,639665.7573,13590553.33,2261.021481,63.32104084
11/5/19,137.7625454,41762.96548,19271.40263,1039753.56,55132.82916,5140.977223,54029.57885,307226.4908,1312.425794,94487.18995,1021251.143,1437419.957,2013665.013,189749.6457,6969.861807,5980.051053,4341.591163,9609.718639,175095.8208,114573.2687,1003590.493,884357.4613,701250.3589,14677.61852,2245.974221,10457.43739,81402389.78,87363449.32,186681.1145,46464.83225,225.0370174,50430.17897,80923.26587,575.3061068,3738.047348,322681.9073,20667.58323,3070.27762,1805348.121,284545.4458,694173.324,15141520.2,2230.494276,62.28910805
2/3/20,137.6538089,35753.7248,17831.90538,1047389.701,37605.25483,4286.790067,60565.47845,305869.6188,1363.471701,94644.16205,1102389.131,1526689.35,2100424.325,197072.8398,7299.784157,6227.911695,4631.76554,9150.619807,187289.716,93446.36557,1071116.109,875220.9927,692627.296,15072.02916,2274.704315,11109.17497,65534094.78,87493750.25,199484.1565,47860.75424,229.8244074,52740.12607,88723.42661,596.7049738,3909.422966,312171.5272,21502.5618,2675.783049,1558110.159,304519.2314,485238.1619,16277303.44,2203.305226,61.3230053
5/3/20,137.5449648,31046.63113,18246.03217,1049091.877,43833.50183,4786.123536,41697.33368,304818.8044,1410.892598,94847.06105,899476.1413,1088886.561,2200534.002,203916.3078,7547.894335,5445.57753,4728.009879,9343.138663,159292.1639,82334.19248,899469.4272,869670.4846,682312.3781,14796.5299,2244.459718,9445.550513,69169124.13,85751715.94,157378.7071,49204.78256,234.2399094,55239.15311,89037.71451,513.5904765,3391.335532,327800.0191,22291.02034,2930.59653,1697553.991,234212.8592,539286.3632,17048754.38,2177.885477,60.38074955
8/1/20,137.4383337,28566.84024,18733.30378,1043571.505,50543.95506,5381.076812,48874.49188,303463.5381,1458.993113,94987.23606,920119.6153,1166829.769,2041396.354,211368.3508,6666.01036,5616.065089,4973.042915,9555.764683,172781.3318,86767.02213,966659.8109,863891.8997,673654.8818,15237.09952,2281.879772,10172.9517,74654232.42,84785469.16,170559.1047,50545.87043,216.4776891,44746.17853,70397.69215,545.3008383,3554.586456,339477.6563,21068.97978,3021.08797,1835727.644,254108.6449,591473.4268,11274771.85,2149.839995,59.40328895
10/30/20,137.3337075,26852.04484,19280.76712,1038904.475,57108.77865,5922.133531,55836.18977,301964.0118,1290.141411,95087.48399,1001777.388,1247719.469,2078667.906,202611.6004,6880.790101,5898.011973,4272.98768,9804.330132,186591.4594,91009.32962,1035258.345,856190.978,665649.2797,15715.04402,2272.334942,10879.5585,80568051.91,86688071.94,179970.6393,43781.10159,221.8533187,46924.52665,88041.83797,578.7935777,3752.7468,333046.1242,22003.29216,3120.3316,1972262.037,273961.6703,642281.4318,12578213.96,2120.77908,58.44405435
1/28/21,137.2303818,25310.97783,19760.66239,1036449.766,39299.25887,4915.726507,61582.11855,300687.5876,1343.646192,95200.16818,1080551.005,1327792.692,2171483.569,210793.6458,7224.920186,6140.437243,4561.510751,9412.308056,199785.4428,62050.59347,1104980.455,848956.2256,657102.894,16170.21544,2309.102016,11563.14758,64680008.42,86794794.99,192209.5172,45103.52917,226.8421136,49037.56433,96982.431,604.4318869,3937.912611,321942.2053,22897.64804,2711.854151,1656454.766,220691.7008,444771.4396,13577607.34,2094.33146,57.55163606
4/28/21,137.1270426,24344.91855,18105.49644,1031388.838,45751.55629,5513.399349,41809.2431,299254.5839,1393.924677,95300.85467,874941.1955,947254.5047,2279546.379,218358.0914,7470.592423,5359.702993,4650.646292,9617.247056,168246.3736,65816.9901,927726.9067,882650.184,649362.4657,15784.44359,2477.422498,9764.133472,68173270.24,84924450.1,156877.0537,46377.38061,231.8250903,51333.08812,97557.37064,522.7054464,3424.760761,331944.2603,23777.51504,2939.77894,1806683.972,227251.346,494365.047,14305892.57,2068.92452,56.68129089
7/27/21,137.0257314,23924.15439,18593.54646,1020814.502,52724.15181,6201.03044,49195.11703,298257.3072,1440.630306,95442.7722,887983.512,1017470.827,2065961.586,225482.228,6616.725394,5528.590482,4887.839029,9876.066106,182928.7117,69269.8371,996167.0493,892263.8414,640381.6995,16130.73294,2504.735953,10533.26069,73598096.1,84052745.79,162956.4873,47657.08021,215.5394231,42609.06514,74031.94834,546.8508259,3585.895689,343106.924,24168.22136,3031.751344,1954212.332,246464.6062,542327.2006,9853415.753,2042.285083,55.77951244
10/25/21,136.9268081,24070.18264,19117.68486,1014236.325,59533.85889,6917.392886,56305.11162,297361.0034,1269.120833,95577.3904,966654.3197,1090613.101,2070684.736,214727.4937,6856.112254,5808.120471,4167.662914,10102.14537,197516.4204,72644.98597,1066379.944,885662.3855,631808.3623,16500.24419,2483.446105,11278.21816,79128515.65,85290190.21,171825.0805,41034.54094,221.1466571,43035.55483,91233.1219,573.1677478,3776.700139,336668.6766,23322.61852,3125.634444,2099509.593,265435.2195,588854.3837,11068188.9,2016.496176,54.85829144
1/23/22,136.8292803,24301.4457,19604.90015,1013475.484,40659.05467,5622.42703,62202.21572,296093.1236,1321.387168,95648.57612,1042851.307,1161578.847,2169034.846,223510.993,7158.973952,6049.398913,4458.197408,9662.001901,211398.0487,59085.89996,1138053.847,879405.0023,625281.4117,16944.63374,2513.844533,11999.45039,63481950.8,84706870.25,183369.2843,42271.69623,225.9769375,44979.04643,98641.61545,601.2780684,3975.133725,325854.9594,24278.99875,2734.395314,1799488.639,211596.935,401458.375,12002054.08,1992.109392,54.00137669
4/23/22,136.731713,24701.18806,17822.01606,1011963.414,47299.48709,6266.6367,41577.41032,294569.5762,1371.585635,95708.48287,1111137.73,802908.1554,2276151.95,231271.2302,7400.22576,5254.279107,4714.165249,9813.888125,177226.2389,51434.35917,963049.7615,877412.3671,619465.9752,17299.9776,2771.496979,10061.08794,66508783.36,82743901.33,144163.7407,43481.87863,230.9255625,47146.53183,98654.83554,522.4648101,3474.876482,335206.6326,25211.79404,2964.416034,1959706.679,216805.3461,446882.4064,12723440.6,1967.993938,53.1786121
7/22/22,136.6360514,25720.4353,18274.19833,1005585.805,54537.11717,7089.650144,49143.54702,293479.053,1418.587429,95807.11598,849373.9995,866979.0732,2038417.335,237534.9127,6538.955657,5397.897612,4796.457811,10207.69493,192777.8263,53988.30772,1032949.195,871550.4028,613029.3924,16808.53012,2710.524303,10868.24496,72095855.71,82201034.79,155961.6518,44704.05972,213.0887709,39599.25947,72578.21187,548.5428149,3647.598508,345114.5426,25423.49334,3057.569094,2117501.201,235487.9712,490130.74,9108877.826,1942.771869,52.3341951
10/20/22,136.5430332,27255.65342,18807.91218,1007284.159,61599.87292,7953.215429,56432.59031,292709.0544,1265.487365,95915.03961,925007.9186,934655.0964,2052053.934,225531.2559,6737.967862,5722.278079,4111.637864,10488.21446,208365.4001,56590.04003,1104803.967,862987.2406,606873.5499,17132.21022,2684.124771,11655.91323,77717695,83624678.7,164322.7289,38647.59247,218.2674041,37576.24399,95074.07768,574.8836556,3846.590339,336621.7424,24527.95524,3150.98304,2272586.74,254073.9221,532692.6658,10325888.25,1918.210991,51.50736682
1/18/23,136.4513457,28548.95015,19293.70609,1012185.109,42108.04982,8703.790045,62446.41176,291678.623,1317.464205,95971.39983,998524.3533,999783.5574,2150854.086,234423.6014,7103.295613,5972.433595,4404.502222,10035.42799,223269.0124,45810.49639,1178413.683,854958.746,602271.2281,17537.29028,2708.769026,12421.32471,62222662.29,83074082.45,175270.8229,39830.30066,223.1664653,39249.50227,103910.9296,602.9972047,4056.63903,323421.7605,25515.66332,3249.126739,1934305.162,271918.5406,368751.1569,11216348.84,1895.295111,50.73897771
4/18/23,136.3597109,29819.06515,17471.54732,1012360.434,49030.11904,7184.842499,41667.48375,290279.4384,1367.089456,96010.17836,813484.6405,693014.737,2255886.646,242414.6285,7347.258634,5194.339768,4656.436154,10190.65586,185026.268,39531.09841,991068.8164,850888.3365,598431.8568,17885.60841,2776.10326,10441.66822,64530146.23,81085333.98,141850.8767,40991.54056,228.3021879,41135.07942,104545.7335,520.5194233,3528.794534,330049.6197,26486.24004,2993.252659,2104992.824,206947.4782,409867.2998,11830104.79,1872.836197,50.00197956
7/17/23,136.2702366,31946.36372,17922.68477,1008070.974,56535.78537,8100.460455,49441.49485,289410.7927,1413.523003,96094.71984,820212.8132,753410.6052,2038945.57,248957.2857,6493.498146,5346.827369,4728.605762,10566.19364,201269.6856,41482.97196,1062353.203,861993.1157,594364.8165,17603.01099,2708.314688,11288.38571,69884130.56,79461957.31,147043.6372,42148.18244,210.8011864,30646.57733,86637.75759,546.0913072,3710.819413,341857.094,27342.80304,3088.879512,2273302.745,224934.2031,448978.6683,8204153.66,1849.662858,49.24204153
10/15/23,136.1828083,34706.13215,18478.54088,1006493.913,63846.14306,9058.863135,56879.21538,288857.0267,1245.937925,96196.62375,891998.1322,817769.7145,2017328.343,235691.2455,6712.218656,5648.270911,4039.05586,10808.76128,217793.7658,43449.14063,1135338.771,854332.7535,590669.8774,17933.5737,2682.418562,12075.17061,75327981.61,80171383.03,154944.9925,36109.16304,216.0252807,32102.20823,95394.51551,572.5664293,3922.028154,332493.9705,25956.00795,3182.643051,2438459.912,242500.4561,487320.1097,9460129.031,1826.818496,48.45072873
1/13/24,136.096711,36899.34137,18974.90289,1009355.732,42716.7621,9878.628002,63001.13331,287939.3664,1296.765159,96245.81925,961599.3465,878882.094,2101413.361,244791.0196,7040.423745,5891.893016,4326.589268,10316.90016,233570.3734,35250.16903,1209850.677,846583.7951,588109.6918,18355.68007,2713.217514,12721.43418,60576681.52,79097768.51,165231.1271,37225.84904,220.8059455,33496.28032,105676.4999,601.0422022,4145.455581,317349.313,26992.68534,3282.352012,2036374.881,259545.103,332376.6996,10390497.9,1805.237588,47.72557124
4/12/24,136.0106815,38938.76714,17087.04749,1012423.459,49594.68306,8071.419918,42810.43636,286773.7232,1345.231576,96287.19731,1023632.511,618183.6705,2190821.176,252689.3806,7281.36668,5117.137981,4574.78343,10467.33985,190861.5793,30668.12543,1018241.711,853109.6054,586054.6271,18702.72153,2853.620354,10598.49504,62719807.16,76714198.85,129232.3433,38313.81812,225.6382034,35111.44394,106840.4453,519.5082687,3621.89988,323417.2415,27993.46879,3045.956798,2217152.279,195301.1874,369969.0418,11036225.02,1784.170754,47.03165118
7/11/24,135.9257567,42045.94257,17471.45764,1011241.481,57285.1289,9099.000191,50526.25669,286237.9555,1391.143401,96379.34136,773056.4288,676591.1677,2015975.121,259330.9393,6434.402661,5266.504077,4653.956904,10906.33095,207664.9718,32140.0798,1090596.469,859223.0028,584268.9246,18330.78463,2908.589957,11505.87355,68002021.26,75583398.71,139622.6363,39393.7378,209.2295219,29237.57257,77373.51582,544.0554068,3812.855765,344019.8385,28888.87359,3138.493909,2395029.543,211866.3659,405261.5936,7755979.25,1762.403817,46.35229191
10/9/24,135.8438664,45908.98459,17863.17931,1011517.02,64784.07598,10162.88846,57998.78672,286225.0396,1224.948971,96505.61553,841477.808,739841.7691,1947534.834,261698.7919,6649.873276,5576.066943,4851.758275,11281.82279,224817.841,33646.43652,1164683.414,851328.9789,583126.1338,18678.14104,2880.26183,12232.34941,73515955.18,76809863.97,146858.8014,36028.85521,215.3150163,26912.06089,101105.1023,572.067125,4040.875641,332924.8372,27288.72336,3232.1976,2569698.242,227846.8749,439805.0571,9018178.206,1740.730731,45.71219622
1/7/25,135.763269,48748.71965,18249.62563,1014681.594,43781.74176,11079.61735,64138.47079,285830.8924,1276.662819,96579.93906,908146.2314,800008.6605,2023131.487,250152.2531,6990.234863,5820.984558,4243.915367,10882.79325,241021.8634,27271.93681,1240842.289,843511.9076,582703.5578,19119.38862,2897.490722,12935.7771,77877089.57,76002683.26,156443.8104,33526.35683,219.90272,28085.32522,111178.1916,600.8282593,4278.429184,314790.3545,28361.18481,3305.486167,2132547.3,243470.7653,296924.321,10007680.94,1720.366936,45.11979949
4/7/25,135.6826903,50999.67551,16401.44415,1015663.132,50946.2714,9034.279844,42698.65748,284856.8751,1325.534879,96630.4228,738845.1799,640071.3216,2111908.828,257727.5358,7236.691228,5034.160149,4495.142671,11144.86614,195069.1579,23482.70985,1038577.067,839407.3401,582621.2541,19514.1822,2965.227792,10682.10476,60939419.58,73925048.16,127310.9002,34501.78427,224.7641018,29370.04835,111576.129,521.6913414,4516.325403,318846.6002,29417.72595,3035.079123,2323385.347,184483.2782,331346.4381,10687234.73,1700.372728,44.54424619
7/6/25,135.6036692,54474.23883,16781.47045,1013932.345,58865.05488,10181.64536,50592.98521,284352.3375,1371.715256,96731.03638,739513.6303,703013.5344,1924499.527,264983.3454,6374.573811,5335.657442,4579.809422,11666.90103,212469.556,24623.15333,1112035.804,849343.6224,583012.5267,18903.42809,2884.502471,11579.75905,66179002.04,72797269.56,130853.0372,35466.92541,206.8246326,24561.43519,88655.41116,549.0350063,3921.870098,337665.6603,30349.5073,3136.951349,2512457.327,199786.5643,363797.1335,7709965.046,1679.809945,43.93848084
10/4/25,135.5268661,58727.35327,17312.17149,1013751.731,66591.50934,11365.89936,58206.99933,284177.4688,1212.201637,96872.12211,803527.5354,772224.0365,1865267.821,248881.634,6718.846129,5502.043404,3912.936294,12119.33977,230782.4994,25751.89207,1187359.387,841877.4278,584249.836,19210.88266,2869.518079,12332.19273,71742937.05,71862698.29,137573.7751,32483.71353,212.5818707,22421.615,94430.45199,577.3659458,4163.140494,325545.0399,28784.7098,3238.330427,2697705.74,215805.3883,395229.0484,9091279.406,1659.337062,43.30386861
1/2/26,135.4512544,61473.94637,17857.28112,1018876.12,74175.59272,12389.42024,64496.81086,283683.2085,1263.013566,96962.1764,866578.4133,839222.3163,1932855.287,255872.2938,6953.753484,5751.862506,4203.079786,11716.49644,248028.75,20527.22757,1264938.999,834059.0432,585790.1337,19614.70762,2882.033145,13066.3818,57927435.9,68954837.71,146550.3893,29947.68202,217.4172984,23382.28906,106776.9429,606.4040626,4414.247667,305514.3083,29915.01779,3345.733458,1236079.026,232005.8909,268133.1708,10204055.68,1640.135331,42.72053606
4/2/26,135.3755494,63272.95549,15983.89291,1021383.949,51550.98048,10078.27069,43454.71355,282578.2025,1312.327163,97030.07975,922697.3008,678174.0652,2012439.401,264089.606,7200.041151,4964.829903,4448.502651,11997.18298,201418.5287,17602.49445,1062342.631,829515.8843,587352.6136,19971.03588,2953.173697,10817.58241,60319475.87,66017130.38,119205.3396,30804.6932,222.5424785,24506.57038,107133.8131,524.2578272,4663.112004,308171.122,31026.46829,3086.237608,2478701.262,174063.23,300088.8517,10992876.63,1621.403387,42.16017421
7/1/26,135.3008338,66223.00159,16372.54197,1018746.011,59426.3061,11359.19376,51436.92652,281899.6186,1359.054571,97145.32353,697958.3787,748544.7654,1885405.643,271911.3522,6340.16406,5266.614365,4524.848651,12426.33714,219625.8334,18523.05094,1127375.234,826177.297,589423.886,19569.88074,3094.235568,11662.48414,65233062.95,64332552.65,122187.2523,31650.62883,225.801315,20369.96666,72582.89156,552.4188466,4060.580981,330902.8533,32011.94626,3190.128777,2678641.673,189601.4105,329761.7552,8078770.604,1602.150453,41.57388528
9/29/26,135.2284219,69937.26671,16915.94639,1016702.546,67705.81341,12660.80243,59130.25114,281516.0549,1389.727818,97312.4975,758503.7408,824579.4107,1808268.85,273999.9999,6495.65254,5433.755756,4725.434059,12664.82534,238389.1898,19360.50566,1204252.081,821831.5083,592498.1305,19879.82672,3075.028752,12437.31534,70395839.91,65884426.38,128301.0279,28778.60576,211.3317406,18320.6347,92044.36823,580.709525,4312.637684,319515.5704,30229.07914,3292.196165,2874150.28,204405.5821,358195.7897,9388781.514,1582.778463,40.92611439
12/28/26,135.157195,71883.07464,17451.52587,1017102.352,75478.75949,13830.27714,65485.51977,280871.9134,1251.566521,97429.28534,817975.8042,897514.0274,1868162.469,261881.5786,6905.636259,5685.067995,4135.848895,12018.99491,255555.9727,15604.68904,1283317.902,814623.5876,595536.9849,20294.03799,3073.964798,13193.32391,74501479.47,66017010.86,136463.2354,26189.6565,215.9504016,19095.39879,98967.63251,609.6383586,4570.953935,297856.3265,31375.87321,3400.484171,2967336.481,218947.5385,246649.7597,10437633.08,1564.326772,40.33842243
3/28/27,135.0859803,72630.50099,15634.80421,1015237.85,52459.12009,11308.74207,43559.20949,279504.3872,1300.874186,97508.60213,871615.7334,731184.1538,1943087.925,269021.9367,7154.969337,4909.094058,4383.794805,12135.45597,207491.7264,13252.82298,1086260.122,813083.7997,598194.9215,20678.34095,3142.792507,10841.99933,58418285.66,64577492.89,110682.0689,26940.36692,220.9770278,19952.9572,97278.43615,637.2512696,4825.492957,299476.5494,32512.29287,3145.691222,2575500.558,162288.506,274785.4265,11165551.42,1545.784362,39.78649039
6/26/27,135.0149227,74495.22626,16082.26097,1009893.518,60863.46864,12744.12635,51691.78343,278620.6141,1347.149547,97635.30424,649296.5792,807906.8581,1982032.097,274986.8922,6292.258662,5204.341004,4457.385637,12477.54849,225987.5349,13919.92096,1162027.97,818104.3902,601306.6067,20256.42921,3280.765398,11698.69851,63044545.9,63876794.08,112901.9186,27689.87212,205.800273,16494.8039,73934.73779,552.2511476,4199.173985,326527.5405,33510.55836,3247.541785,2784806.074,176633.8773,301114.503,7945158.456,1526.39393,39.24102698
9/24/27,134.946354,77075.13394,16469.37998,1011122.597,69055.33444,14198.89354,59520.85074,278292.5342,1209.284803,97819.94034,706319.9173,889863.2707,1704857.543,274323.6446,6633.245425,5372.218392,4659.387002,12665.81796,245101.1578,14517.42314,1239832.288,811331.4515,605424.0243,20551.49285,3255.108267,12491.59436,68126152.34,67187998.71,118390.4018,25391.19956,211.4203997,14723.26755,72582.26767,579.3730804,4446.113726,315708.2644,31622.71448,3347.33153,2989284.482,190179.1058,326251.4165,9105184.112,1507.790289,38.71410317
12/23/27,134.878958,77823.43006,16869.45769,1018251.46,77032.70669,15498.18515,66007.49002,277820.2147,1248.72438,97959.7915,761872.7064,969583.1532,1758500.34,262391.4719,6864.81307,5624.015865,4090.524428,12760.95085,262742.8113,11620.16927,1319867.093,803751.8534,609109.3684,20967.74611,3240.931814,13266.07809,72197267.58,67504122.76,125752.4109,22732.81488,215.9303555,15340.6125,79653.55214,607.6893463,4706.145527,293340.6697,32780.9669,3455.094176,3191204.478,203601.4887,224178.5725,10069691.22,1490.284721,38.1968381
3/22/28,134.8116635,77405.90364,15017.46605,1021804.854,53064.60215,12495.60924,43855.42472,276660.85,1297.820059,98061.53328,811418.207,816643.7247,1828325.901,269783.8889,7109.918458,4856.795678,4331.700105,12087.52235,212486.7262,9692.731521,1108849.056,799611.8736,612109.6417,21353.06819,3308.353448,10915.8502,57458601.42,65082945,132380.6024,23398.65258,220.9253647,16034.17689,78364.61302,635.766211,4966.380927,293614.9918,33934.06023,3128.164853,2726754.213,150804.917,250140.6379,10733882.16,1472.840038,37.62706372
6/20/28,134.7443286,78006.02692,15295.8302,1020874.422,61449.66932,14100.91668,52232.46261,275971.6438,1343.706172,98217.88959,607393.2609,895308.7236,1887680.924,275944.3245,7337.487247,5152.532686,4396.426579,12386.86568,231204.7616,10199.18747,1169164.149,795809.289,615363.1803,20983.17073,3479.868303,11806.47172,61920408.91,63001882.72,102865.6456,24080.42805,224.1890644,13264.91761,62632.74975,547.2248764,4311.548628,323264.8105,34934.91654,3239.257505,2946513.429,163405.2618,274099.7079,7653291.145,1454.62519,36.91625361
9/18/28,134.6789354,79331.20059,15695.56006,1019713.054,70182.35109,15716.20237,60097.0136,275540.6437,1373.380837,98440.95032,659729.8487,988307.1358,1607866.693,275647.0598,6565.128607,5311.336446,4591.73073,12552.86873,250604.6903,10629.50585,1247829.186,789046.117,619374.9898,21263.4644,3437.242756,12620.63556,66724927.74,64889320.15,107778.9243,21969.07299,209.1006719,11651.42343,66140.2086,575.6917751,4564.417851,313983.7753,32779.27356,3345.953398,3160749.478,175299.9934,297080.6189,8891488.888,1436.874494,35.97232609
12/17/28,134.6147916,79112.26127,16112.6415,1021051.06,78341.48842,17178.84569,66647.89348,275080.2418,1229.684882,98611.92427,711236.0527,1079345.964,1645445.489,264395.2516,6816.007077,5558.081346,3997.329467,12702.8304,268930.3942,11059.54813,1328757.331,782249.8291,622805.0373,21646.55564,3415.060538,13416.76116,70598702.53,65550535.13,114389.3053,17117.73063,213.4440534,12137.44474,72342.30816,603.0080598,4821.510014,291355.3126,33937.53073,3454.697847,3371219.063,187070.2738,204073.2755,9915265.979,1420.458387,34.96304274
3/17/29,134.5508664,77820.95854,14414.70676,1020175.452,54180.15346,13832.46112,44674.63147,273975.7596,1277.186561,98741.57077,757471.8196,906241.5257,1701572.567,271726.2959,7071.595094,4782.706568,4240.890894,11955.99927,216336.9526,7030.301183,1120515.984,791172.0947,625499.1867,22001.0189,3473.455333,10957.82949,55768876.16,64256304.93,120347.9787,17675.25147,218.0908064,12564.41712,70177.02185,629.4829654,5077.250714,290607.1049,35070.79916,3134.749453,2828250.508,137749.6943,227594.7993,10609509.73,1404.448184,33.95773209
6/15/29,134.4865089,77538.45473,14671.63933,1016164.252,63363.84738,15643.62861,51708.16438,273204.2226,1322.287673,98916.68692,558681.5499,996426.3332,1745732.245,277901.6703,6194.673411,5074.738446,4319.523369,12249.26371,235332.2498,7445.405229,1183223.64,802126.4598,628163.5804,21480.58646,3360.810054,11884.55812,59975333.01,63215360.67,93394.35971,18227.23357,222.611521,12959.33898,66256.28184,545.8090552,4415.235967,322617.0445,36062.83394,3292.805278,3056832.909,148710.7324,249065.1491,7779827.17,1387.999951,32.98102336
9/13/29,134.4237883,78085.06848,15001.15169,1016741.15,71606.90224,17482.09005,59743.19511,272679.3928,1364.469574,99152.95434,607439.4256,1103048.863,1516304.312,277246.0649,6536.128646,5244.283926,4521.987158,12416.3268,255167.4628,7755.127064,1262649.01,795289.4113,631183.2462,21730.03727,3333.299008,12719.93755,64729824.26,66151335.3,97766.79911,16631.37953,208.2395974,9007.09311,53625.78349,573.5517412,4663.463161,314954.1793,33926.52106,3394.707894,3279854.95,159000.2989,269483.4426,8838572.051,1371.471014,32.02778903
12/12/29,134.362315,77391.68674,15373.25053,1021803.183,79930.46732,19085.22059,66390.30095,272094.8791,1213.325877,99334.33097,654831.5357,1209547.891,1553239.822,265269.4903,6767.733691,5496.329706,3951.730785,12565.3841,274071.2288,8060.788015,1344382.472,787803.3471,633598.6084,22107.04412,3319.811038,13534.11587,68607897.87,67687888.35,103682.6557,12175.74258,212.4381913,9382.019425,59432.01237,600.6155475,4919.297103,292631.8818,35107.19388,3502.909252,3499293.483,169380.9522,185302.5414,9728610.027,1355.979144,31.16142215
3/12/30,134.3010718,75794.7693,13758.72702,1023226.504,54398.41716,15328.34299,43773.74262,270834.4688,1261.525338,99459.1441,697766.326,1017294.332,1609268.94,272915.2759,7021.930579,5700.983307,4196.312288,11869.71391,220221.6447,5002.434298,1133232.819,785456.5123,635288.8374,22488.72535,3388.138273,10979.60553,54109472.16,66769835.87,109052.5756,12567.79242,217.1041583,9707.643713,58162.43199,627.9796376,5178.250209,290201.5015,36286.63559,3184.111592,2929932.31,125142.7861,206717.9452,10309971.79,1340.927438,30.37583647
6/10/30,134.2392725,75080.42395,13987.196,1020680.584,63071.44773,17319.50924,52334.89756,269970.8377,1306.452632,99629.48205,518736.9081,1132771.876,1650912.452,279269.2239,6153.099162,5010.451412,4263.451498,12163.47126,239657.2477,5278.434245,1211441.497,802899.896,636842.8828,21988.06805,3572.507301,11927.90613,58055530.47,65521230.92,84341.7583,12956.656,201.9102947,10002.53667,43987.77783,536.8871946,4480.9801,320682.1382,37285.55166,3295.213323,3167702.775,134883.339,226048.3418,7317459.982,1325.720781,29.63811786
9/8/30,134.1785584,75226.01617,14286.93318,1019560.284,72135.84732,19306.73716,60366.14448,269285.4203,1348.968297,99854.48016,562261.2997,1256614.075,1420251.346,278437.0858,6490.194566,5173.762381,4457.779941,12339.88316,259742.0415,5482.612548,1291539.154,796328.5769,638484.388,22241.58837,3545.769006,12777.70908,62598940.01,68027984.1,89769.68344,11670.76321,207.3481566,6876.70391,46503.26138,567.0541129,4730.061477,316225.2102,34783.36528,3404.395839,3399757.031,143978.0098,244427.8193,8284965.572,1310.32766,28.93280304
12/7/30,134.119069,74348.69766,14619.15949,1025627.884,80582.89867,21111.70287,67049.73391,268660.4528,1199.193817,100035.9979,605088.6249,1382001.715,1452588.104,266983.6449,6729.840537,5424.865135,3884.246854,12420.2858,278968.6467,4392.863704,1373956.803,789058.7914,639783.8729,22608.34077,3505.65142,13606.57676,66376571.58,69222678.03,93389.47077,7777.385714,211.6824968,7157.438309,51367.2259,594.5770378,4982.772946,294992.7108,35981.05579,3516.953351,3627650.832,153201.5854,177341.8793,9114213.682,1295.774931,28.29724248
3/7/31,134.0598566,72646.39763,13063.06107,1027556.54,54425.83845,16880.12288,45113.45562,267228.6675,1247.71841,100154.3528,643650.2391,1494209.532,1507849.246,274874.8393,6980.456041,4665.728804,4123.817025,11828.47481,224969.0413,3493.317797,1157801.825,786950.673,640572.1886,23004.64273,3573.223079,11011.40919,52659357.04,67559534.39,98116.24821,8033.080716,216.6630474,7394.526324,50051.12998,624.133602,5244.5511,290919.8578,37213.37129,3185.770434,3023672.232,122079.2377,187191.0479,9658586.727,1281.62696,27.71932991
6/5/31,134.0000431,71600.30853,13252.80547,1025452.817,63905.40119,19097.97956,52288.24975,266085.3068,1293.938487,100302.7635,474064.8575,1286495.604,1558399.405,281823.3218,7202.85977,4955.559953,4201.135522,12150.92945,244692.8982,3670.540083,1222687.423,790754.8147,641191.8328,22315.60995,3725.023002,11984.59879,56449497.4,65703662.72,75403.48023,8292.423429,220.2525888,7613.330211,47903.04955,533.0389807,4551.192644,318357.7778,38279.78858,3313.424912,3271665.987,119842.1014,204654.3425,6343581.033,1267.33381,27.17927424
9/3/31,133.9409853,71341.81129,13511.56679,1021978.743,72389.18779,21298.75897,60376.41847,265311.326,1336.93488,100519.9614,513340.7791,1433270.36,1340929.262,281277.7906,6423.677552,5109.174468,4392.157102,12348.5758,264664.2184,3800.806888,1303437.412,784729.5849,641804.4432,22520.00022,3701.184919,12850.13785,60892945.06,67652969.25,80239.82114,8559.586168,205.6064861,5263.610631,39296.76683,564.6823258,4795.993481,318246.4741,35726.58249,3423.744765,3513178.746,128030.4055,221155.2109,7192695.059,1252.838382,26.65314134
12/2/31,133.8830431,70277.69419,13800.01719,1024280.918,80970.41375,23300.73042,67114.46413,264507.7735,1200.702915,100695.135,551652.5073,1581419.034,1367256.1,268828.9983,6671.782329,5352.530992,3825.129568,12623.30887,283671.0341,3931.957779,1386599.562,777872.0251,642186.5083,22852.18918,3648.60203,13695.82748,64679889.3,68441413.46,83449.39392,4245.987146,210.2858201,5465.968735,44341.33997,593.6469307,5047.078493,298509.4562,36957.70073,3539.294626,3750482.772,136263.8495,158210.6552,7912927.556,1239.054566,26.16844101
3/1/32,133.8254433,68425.55013,12254.60169,1025372.398,54550.95835,18789.47719,44917.39359,263044.6016,1249.084876,100806.2063,587093.2706,1719754.81,1423272.315,276805.9164,6937.440018,4613.778471,4067.015264,11885.24449,225978.892,2402.130507,1169575.804,773332.7779,642285.027,23237.11426,3713.620211,11047.43399,50622088.1,65970293.1,87741.8315,4400.762632,215.3374778,5644.602857,44747.76132,622.976591,5303.887505,292501.1416,38198.52171,3156.423086,3123659.154,108983.2663,167123.601,8407154.606,1225.697988,25.72532901
5/30/32,133.7672206,67023.45151,12401.36116,1023271.35,64165.05364,21210.54853,52131.12838,261716.3706,1295.177638,100939.5701,426771.7696,1482447.688,1446108.538,283897.8492,7157.326778,4895.420634,4130.9273,12227.29588,245720.844,2547.688277,1213759.045,770166.3372,642160.6109,22633.89676,3854.972106,11975.63114,54285470.63,63472692.6,67697.544,4558.138866,220.2227475,5803.823066,43516.95513,534.9575893,4590.417267,317927.8901,39272.23616,3374.753339,3380397.68,106743.4787,182889.2154,6961019.45,1212.275077,25.30800453
8/28/32,133.7096377,66415.07061,12620.62037,1019904.982,72780.72879,23625.09921,60275.24978,260792.9446,1337.893613,101134.7862,461557.1656,1652836.781,1237492.248,289379.064,6377.383851,5040.469913,4308.411014,12450.70336,265819.7618,2630.995807,1293711.443,764601.2337,641886.061,22817.88568,3834.040044,12851.77029,58615652.23,64762172.66,71899.16204,4719.550189,204.9200459,3893.670611,36581.1856,560.2819018,4829.687799,320453.7482,36497.45087,3484.629151,3630053.368,114043.1775,197678.8389,6348646.877,1198.545747,24.89684394
11/26/32,133.6531181,65258.27755,12884.45738,1022726.016,81424.47791,25804.68068,67094.2167,260062.7675,1188.801904,101295.5362,495459.4979,1825514.073,1260441.921,270169.7184,6620.025715,5277.502665,3730.493211,12778.8606,284820.6128,2717.284178,1376144.202,758137.1695,641459.506,23124.81276,3764.570219,13707.9585,62403902.51,64787181.42,74688.59119,3166.501298,209.4584591,4055.105954,43746.30778,589.5060798,5074.221326,301799.0316,37714.54513,3598.795542,3874931.6,121522.239,145602.6168,7156810.634,1185.365609,24.52589516
2/24/33,133.5969807,63427.44521,11457.18525,1023884.757,54424.92591,21129.88446,44601.24345,258700.1311,1236.721905,101390.6278,526524.452,1986585.271,1310251.342,278015.3599,6879.664387,4538.979407,3967.732472,12033.79456,235965.853,1641.08256,1160902.357,753808.7337,640886.3704,23488.65923,3803.104817,11035.13636,49187360.32,61840707.44,78454.35221,3294.08118,214.3904395,4185.734896,43249.69534,619.4238131,5327.576241,294395.334,38955.13499,3178.387427,3212304.103,97246.95265,154557.1106,7738336.124,1171.976052,24.18300005
5/25/33,133.5403159,62008.77292,11584.59038,1019852.547,64124.31721,23155.31059,51765.87596,257280.2231,1283.330972,101494.2792,382708.5329,1699001.204,1365188.435,285253.4705,7095.765131,4815.950454,4037.918073,12419.33452,245534.5317,1741.723377,1199307.862,752444.1603,640090.0269,22663.33808,3712.399859,11968.99554,52708423.1,59100264.06,59937.39094,3424.385096,219.3070358,4302.747278,40882.6333,536.2512657,4640.670102,317037.8496,40054.25549,3366.218074,3477714.951,95180.02645,168572.7133,6458833.038,1158.169218,23.8588519
8/23/33,133.4841555,61410.33948,11770.39384,1018287.76,72854.05064,25839.46099,60015.56279,256528.3698,1326.566408,101658.4536,413324.4566,1892871.563,1145651.968,290827.3318,6333.476736,4960.819975,4217.191056,12683.71767,265705.2845,1796.182129,1278589.749,753579.7664,639035.7114,22823.53838,3715.924354,12855.41104,56951250.34,60344397.84,63690.81911,3060.339654,204.392537,2876.157913,36237.79011,563.9245522,4827.590738,322750.5173,37176.36214,3482.979851,3735797.877,101917.8527,181741.6808,6014235.819,1144.617389,23.55287618
11/21/33,133.4290254,60504.83667,11941.38236,1022369.382,81589.63329,28268.71456,66904.67752,256046.7925,1179.930862,101801.1287,443258.2704,2089708.172,1161931.4,271017.8035,6564.955919,5198.119821,3671.222304,13100.84103,284943.5782,1853.585972,1360394.613,747262.2763,637897.5952,23083.98392,3652.425372,13722.49242,60667905.1,61173344.55,66174.32387,2250.810202,208.9440358,3001.791746,43555.61742,591.3572916,5068.144342,305191.1409,38385.05167,3601.46891,3988634.612,108718.2111,130640.2523,6829801.236,1131.944572,23.27344441
2/19/34,133.3742633,59054.36831,10457.33999,1027214.932,54111.89414,23232.9547,44598.13265,254842.145,1228.587438,101881.5303,470647.9021,1755081.503,1207396.782,278901.1238,6818.503325,5391.629178,3905.145704,12311.25403,235700.6012,1132.969547,1160319.083,742720.8752,636771.9356,23414.12734,3685.238666,14572.75642,47940299.74,58804244.05,69521.26196,2349.025307,213.9988925,3095.686415,43550.37006,620.7636053,5322.602224,296328.1259,39641.88493,3152.838494,3284171.63,87139.15202,139094.1445,7428460.901,1119.552578,23.01269771
5/20/34,133.318671,57961.13047,10502.47834,1027232.557,63943.73878,25466.89367,51772.47567,253595.4655,1275.595256,101970.6667,379986.3758,1957473.883,1261913.296,286308.1867,7033.601671,4728.543051,3964.17593,12730.67923,244036.4775,1196.61267,1191795.547,740466.5618,635518.4335,22547.30769,3893.336406,11916.77791,51392089.25,55064370.52,52799.67473,2448.196104,219.0269011,3180.616522,42266.55391,530.4650463,4642.069606,316351.4892,40767.72586,3428.773003,3558065.778,85619.44066,151847.8753,6203366.485,1106.782923,22.76117208
8/18/34,133.2636611,57754.73993,10685.3358,1024863.42,72810.75255,28441.62093,60032.23423,252882.5429,1319.301688,102122.8742,363559.0059,2176125.349,1102857.512,292097.5401,6263.183139,4878.30562,4131.257912,13038.8215,263833.102,1234.787066,1270182.855,736303.3638,633967.808,22681.53327,3883.440272,12813.92315,55499728.54,54703134.82,56139.11886,2551.645085,203.8379515,2119.662821,37597.465,564.4269767,4827.048036,324486.4048,37847.45774,3544.230716,3824346.642,92013.86537,163823.7198,5668302.33,1093.917471,22.51449877
11/16/34,133.2095645,57376.97049,10895.44886,1028552.905,81624.26486,31129.74672,66921.05246,252314.0211,1173.09991,102263.2669,389703.9754,2398436.498,1104492.785,272157.6897,6506.076161,5119.65762,3567.449091,13438.10085,282907.6887,1274.521376,1350944.977,730471.35,632392.9875,22896.01772,3811.909685,13689.92468,59272609.39,55435475.27,58380.61425,1487.250463,208.434791,2211.008261,45009.33261,590.8601938,5064.265604,307571.6623,39018.49882,3660.792793,4084354.542,98114.29946,119718.4755,6436572.111,1082.02817,22.27789033
2/14/35,133.1557547,56439.462,9653.944427,1034501.213,53889.51543,24792.75681,74455.12,251139.2459,1222.013657,102340.4816,413716.9135,2607095.175,1141514.86,279903.2188,6765.131666,5315.6823,3801.497619,12735.84372,301047.9052,773.8850138,1135597.461,726046.2049,631007.3123,23196.44674,3881.329813,10983.59708,46732961.22,54313040.93,61375.27997,1562.128295,213.4927051,2279.555346,46528.59135,620.1029811,5318.625745,297271.6602,40260.6529,3211.92712,3420087.473,78979.95684,127391.467,6850471.3,1070.576529,22.05563548
5/15/35,133.1012812,55807.87612,9722.614937,1035204.503,63797.94561,28097.21284,50262.4934,249734.0865,1268.948932,102422.2922,334838.2619,2193520.799,1186236.578,287374.5001,6982.429825,4649.333117,3876.893965,13212.86748,240573.3666,824.4775798,1160327.141,723900.8729,629575.5319,22382.71642,4105.024541,11912.73627,50017974.07,52393090.72,46273.75033,1636.353916,218.598789,2340.710741,45093.56116,534.6436127,4657.505179,315750.5668,41395.72183,3429.690952,3700622.557,77485.57368,138069.8595,7104289.467,1059.064321,21.84507913
8/13/35,133.0472204,56024.21552,9871.671132,1033355.32,72712.95573,31376.22224,58606.25084,248469.8467,1313.29412,102528.6572,318417.6109,2433175.4,1047680.628,294312.3308,6222.346171,4799.699518,4049.943672,13637.15839,259994.5125,849.1092325,1237272.874,721028.0276,628140.1463,22594.06975,4110.522055,12807.95279,53980046.19,52802963.05,49306.85361,1711.568952,203.3653141,1536.606769,38496.47339,571.2189794,4870.717435,326057.9488,38582.60591,3560.116175,3974588.133,82790.06301,147896.8853,5346261.855,1047.165606,21.63568649
11/11/35,132.9940861,56193.27551,10032.25974,1036695.877,81644.40147,34318.61809,66711.96705,247363.3819,1180.714229,102621.7234,341091.0334,2678325.41,1037337.815,274523.1189,6465.868854,5043.601295,3489.783795,14216.04616,279141.0255,876.0274986,1316542.452,716030.4305,626803.6675,22871.12685,4040.685437,13682.13266,57853544.99,54229917,51357.73241,1258.386219,209.0122043,1606.608361,46961.10757,606.5077491,5131.605178,311196.5305,39909.09624,3691.579089,4243165.512,87691.05728,107488.2625,5800121.92,1035.634294,21.43994343
2/9/36,132.941205,55596.49065,8864.255126,1043885.709,54273.02497,28029.30873,73169.5913,246728.0561,1226.762588,102738.4424,362125.7174,2911709.219,1040531.26,280694.0103,6731.748478,5244.709031,3721.948686,13395.24021,231261.9995,563.0679679,1114462.081,711147.6613,625179.2035,23037.0677,4055.301814,14492.79786,45798524.59,53459796.25,54089.18045,1325.924023,213.7272541,1654.745556,50262.79593,625.2270485,5346.321443,296238.8643,40893.88705,3204.599624,3528213.298,69454.12307,114905.7953,6078930.37,1024.992671,21.25908547
5/9/36,132.887594,55334.05397,8899.217897,1046130.738,64044.62246,30717.34783,49897.94352,246018.366,1270.124703,102863.6103,293240.9004,2459615.906,1053583.525,286951.7117,6951.615064,4595.491469,3790.358886,13827.61388,238123.8264,607.2263475,1135490.887,708749.8841,623563.6064,22318.74311,4277.916294,11780.54282,48717128.49,51883975.95,40808.82434,1391.572153,218.3161418,1697.546963,49732.92304,529.4174581,4642.726504,313772.7661,41817.95616,3474.072252,3814022.017,67956.10992,124191.4983,6228175.203,1014.660063,21.08561977
8/7/36,132.8342738,55501.08295,9030.363503,1043643.03,73198.36951,34334.03747,58266.40179,244747.8482,1314.426983,102949.4782,276236.104,2713830.11,925616.9635,294307.7878,6173.660926,4731.821888,3952.036254,14306.83991,257155.3389,627.1576119,1210846.769,703590.5084,622301.2923,22595.53267,4283.912313,12669.00833,52494518.88,52499068.45,43511.48445,1457.577872,203.3059409,1134.882549,42444.33805,568.0095912,4860.305172,306226.7887,38790.05077,3604.910266,4094922.338,72788.3279,132630.5528,4177505.406,1003.669064,20.91343632
11/5/36,132.7818629,54888.71432,9192.195899,1044895.48,82162.08926,37552.51902,66398.74521,243482.7337,1169.513025,102986.321,295585.5325,2976039.189,908344.1582,274846.7484,6390.016605,4961.438929,3414.979761,14947.43745,276095.8664,648.6263772,1288593.048,697421.1046,620982.5852,22917.49513,4205.639276,13535.02902,56478899.09,55243070.22,45377.12878,1062.990196,209.0060891,1180.819712,53795.22936,605.6105636,5121.910888,281821.3388,40185.29246,3736.8501,4370597.351,77456.94303,140401.5368,4597114.353,992.7076378,20.74949861
2/3/37,132.7297481,53058.09715,8125.892613,1048375.045,55398.10388,30546.46746,72916.10506,242645.7713,1215.704508,102993.8844,313855.3143,3230244.92,913270.026,281250.4886,6712.062163,5161.49961,3634.588144,14159.2618,293031.369,405.4396677,1365663.764,696086.0402,619123.8943,23131.17443,4198.476182,10830.31324,45508880.91,54672730.23,47905.20672,1126.809083,213.7961949,1213.92879,58532.76099,625.7082411,5337.59875,266333.0723,41228.48487,3853.775762,3570679.68,61644.98188,102097.0292,4859217.64,982.6140923,20.57406883
5/4/37,132.6768515,51964.52287,8151.462644,1046874.381,63313.25126,33408.04768,50256.34749,241799.3416,1259.547518,103039.7572,254323.4799,2713460.252,921903.0349,287236.7232,6933.045705,4514.275232,3693.474102,14609.64945,233471.2862,433.3975688,1100485.165,695256.2015,617068.3584,22448.8803,4084.413019,11701.78266,47388306.26,52733611.25,35924.78938,1191.475691,218.3664435,1243.365667,55639.92422,530.3304013,4633.067983,294586.1582,42143.3061,3498.483377,3862428.369,60544.99636,110185.1693,3904726.192,972.8960193,20.37319464
8/2/37,132.624099,51853.66728,8235.089689,1044810.12,72519.92093,37310.59988,58633.67775,240459.9459,1303.821417,103077.8997,237068.2135,2978684.654,812886.3561,294434.7228,6170.643685,4648.749765,3833.621154,15082.87123,252156.8831,447.3638956,1174153.831,689705.3616,615414.7637,22741.65866,4105.232616,12571.53003,51077658.02,52750787.45,38415.30284,1255.41799,203.3234049,818.4022047,45848.07029,567.7432845,4837.576467,286829.4872,38987.10451,3627.87659,4149634.606,64895.47482,117501.4503,3331076.444,962.6118764,20.1819591
10/31/37,132.5721922,50952.19008,8337.804922,1049371.857,81503.11776,41339.65972,66709.09318,238996.9649,1172.723626,103043.6419,253248.3079,3252578.496,796572.4453,275028.5574,6398.177522,4868.204499,3267.025004,15743.37291,270424.0618,462.9441342,1250278.61,681783.976,613735.7956,23099.23574,4047.646439,13420.32994,55009081.69,54550899.34,40116.24718,915.8815043,209.2397413,852.8396661,58460.52388,605.9430489,5091.793542,256446.9102,40386.92121,3761.332055,4432068.724,69048.26516,124165.4309,3740343.807,952.2577065,20.01184103
1/29/38,132.5206096,48762.40082,8406.148899,1052863.293,54319.66004,33099.4153,73239.12192,238004.5121,1219.527667,102937.9541,268891.7272,3521957.29,797732.6966,281684.3152,6687.320746,5067.692297,3480.815735,14879.11875,286907.38,368.7866187,1326641.118,678485.178,611342.9922,23341.91499,4057.542724,14229.19707,44434339.19,54232536.01,42380.20139,970.7995044,214.1016788,876.2351006,65376.66901,625.8742258,5300.546332,238559,41443.38613,3240.281675,3624364.178,55013.35143,91587.42609,4019451.501,942.6999303,19.86102794
4/29/38,132.4682013,47149.22898,7321.805491,1049733.382,63981.80019,36147.69795,49074.18342,237040.642,1262.32024,102842.4728,217849.6833,2931654.1,809258.818,287475.8726,6902.078053,4430.509577,3671.765852,15331.75001,229710.7732,279.9729604,1077429.744,681274.347,608630.7201,22640.62972,4245.078422,11481.78012,46244051.9,52678248.39,31903.08836,1024.446665,218.6230507,896.5016674,63575.98919,526.846455,4597.490623,260239.3142,42344.01017,3546.962581,3922173.751,54305.35111,98502.66019,4214298.85,933.5105012,19.71712499
7/28/38,132.4158889,46379.7008,7446.690427,1044722.447,73112.83252,40371.93863,57399.37172,235713.488,1305.795913,102734.3668,201428.2333,3206902.026,710240.1986,294465.775,6131.888194,4549.792078,3691.944109,15805.79015,247669.0932,288.7523294,1149492.456,673739.565,606323.2642,22923.11183,4319.58724,12328.0165,49846898.98,52800172.85,34132.92499,1080.279586,203.6078518,587.6413325,53228.38608,562.2619761,4791.000755,246877.707,38921.63318,3674.352165,4215389.721,58750.94043,104746.7188,2626548.872,923.7784347,19.58136099
10/26/38,132.3643589,45063.1931,7540.973303,1046661.68,82028.93053,44509.87649,65468.21542,234432.7733,1159.451689,102538.754,214947.2393,3490350.194,687118.0725,274102.1987,6348.630393,4750.037978,3135.764034,16358.80843,265339.1872,298.0194285,1223975.057,663956.68,603920.2819,23258.56181,4243.316512,13152.20129,53780511.6,54756915.49,35694.5452,872.0175679,209.112205,612.847167,69382.58803,598.6672306,5032.7365,221966.9822,40294.40644,3803.238152,4500854.97,63148.23402,109557.8895,3001467.837,913.8762804,19.45886018
1/24/39,132.3132021,42650.12098,7596.994994,1048830.486,55438.85708,35525.99665,71980.20487,233395.5017,1205.527258,102210.5997,228083.7069,3770995.362,693305.2302,280857.1693,6648.871216,4941.514179,3336.193246,15519.59159,281691.7335,237.2188087,1299228.543,653429.4726,600766.7081,23511.20224,4235.657292,13941.06476,43527044.84,54532108.75,37757.93723,927.8538719,213.88457,629.8771804,74068.72241,618.9637255,5238.153609,196221.6314,41368.88043,3904.212232,3667734.037,67173.34623,78923.75982,3238826.551,904.7333766,19.3454413
4/24/39,132.2613114,40064.56442,6507.464346,1046052.729,63174.06674,38675.50653,47821.5465,232110.8071,1248.356593,101770.0757,183274.9869,3125405.638,709051.3338,286574.1896,6859.790409,4312.571134,3504.914712,15959.96296,223806.3049,181.775968,1051902.494,650519.789,597009.6845,23885.74109,4408.399801,11308.47853,45357611.91,52863826.62,30666.94877,981.5635108,218.4211283,643.8806335,70921.71662,520.8599017,4516.276065,195153.4253,42268.03105,3529.058556,3968573.808,49572.05828,84485.95419,3390250.317,895.843267,19.23268868
7/23/39,132.209304,38307.31745,6562.14724,1043337.451,72362.54358,43080.86115,56216.07337,230417.2895,1291.533114,101330.3089,168217.0107,3404631.468,630133.0789,293364.106,6089.847167,4410.440854,3465.201798,16421.17985,241120.9754,187.4001419,1122519.967,641900.9407,593668.6953,23058.64126,4434.149878,12126.37311,48945264.88,53031862.36,30189.06686,1034.241418,203.3012493,425.4776295,56083.28259,552.9657725,4693.697437,182263.622,42335.52273,3661.57163,4264577.308,53626.95895,89034.79474,1881203.391,885.9510741,19.12110772
10/21/39,132.1580861,36008.41192,6660.937419,1049054.461,81315.32294,47384.89812,64265.07079,228620.7984,1152.084801,100846.6325,179384.7463,3693129.869,624217.8998,273246.7665,6316.493604,4574.463934,2903.181275,16995.32218,258130.2055,193.7914324,1195478.138,630713.5528,590374.1243,23424.91251,4352.907627,12923.86075,52838236.61,55191048,31599.93015,836.6934099,209.0667315,442.9694858,69849.08047,590.6168273,4927.947735,150428.0796,40617.62949,3797.507548,4555428.338,57770.84461,93160.49444,2251532.061,876.0243922,19.01641069
1/19/40,132.1072687,32475.46554,6753.981209,1054500.76,55380.64639,37989.27983,70804.29668,227162.2324,1199.140284,100220.8023,190168.4779,3976610.874,638269.7698,280220.8838,6571.969734,4727.684071,3037.22359,16190.92617,274358.3083,155.0622229,1268380.729,622163.4463,586066.9945,23680.03502,4348.946704,13680.52245,43053173.41,54880064.96,33455.4145,888.2090219,213.9843132,454.9611543,76625.86977,611.361218,5122.692717,133070.5813,41733.02344,3921.36532,3710355.358,61757.3672,68563.62143,2478580.797,867.0909573,18.91823761
4/18/40,132.0556645,29496.33368,5878.169023,1055057.497,63168.8788,41384.74497,47944.47324,225595.2208,1242.12651,99542.89305,153977.0136,3270384.922,658770.2955,285912.0204,6769.781311,4104.716905,3142.077253,16394.64658,219967.1295,130.5151862,1018536.159,617226.1876,580996.5434,22764.23724,4630.57436,11000.92593,44893583.87,53023334.73,25175.78197,939.6477976,218.6376723,464.8316929,75433.89661,513.8051083,4439.158762,146472.222,42637.42619,3565.206948,4016692.033,46294.06367,73132.38745,2628504.903,858.6152225,18.82053599
7/17/40,132.0038727,27619.91824,5956.518902,1053259.271,72374.04173,45875.25405,56256.52646,223775.4123,1285.484255,98993.14199,140692.4856,3554271.489,606702.0158,292677.5907,5997.306966,4217.697685,3124.078367,17098.76,236263.2181,134.825313,1088187.801,632864.7333,576745.0285,22987.3826,4531.955773,11798.2918,48203527.26,52844855.1,27015.64972,990.3105148,202.3983971,381.382919,57541.5692,544.8212098,4599.314567,127031.4936,43651.62058,3696.060234,4317785.265,50189.15826,76881.9686,2515446.036,849.7773605,18.72290202
10/15/40,131.9528404,25202.32802,6038.542898,1055684.599,81339.75344,50469.48031,63805.62408,221790.5047,1146.868094,98519.89057,150251.9988,3846785.887,593447.8253,272401.756,6192.506138,4385.690729,2612.807599,17718.69062,252961.5788,139.5526611,1159892.336,624054.9176,572823.727,23319.22873,4449.945555,12571.95396,51842349.17,54840600.92,28274.63449,800.5384133,208.7645632,311.9947399,73404.38462,581.9624299,4815.012849,114184.5715,40405.40715,3832.883171,4613677.459,54042.0909,80234.64679,2803464.798,840.7675549,18.63039234
1/13/41,131.9021844,21801.10234,6099.930792,1058694.091,54108.01769,40262.95011,69845.92511,220206.5362,1193.037307,98007.93135,159411.465,4135260.055,601551.646,279687.6134,6521.83548,4536.1096,2739.133377,16834.01205,268778.5755,110.992909,1231793.727,616026.2812,568036.2398,23564.53553,4443.462783,13307.37071,42122590.46,54819481.93,29943.6905,849.838343,213.7946057,320.6096976,79607.32322,603.3028507,4993.747811,114157.5569,41539.69709,3958.165515,3745276.723,57754.41245,60058.18231,2961795.718,832.357509,18.54384554
4/13/41,131.850849,18566.51364,5282.631702,1057155.191,61745.00221,43463.08922,46976.41488,218700.1155,1235.685388,97480.28426,167566.7531,3453783.125,612944.1063,285136.7466,6728.765366,3928.643813,2822.687545,17033.30634,214946.9721,97.22512307,996416.1261,621768.9961,562338.5528,23844.75856,4475.567971,10738.18207,43739849.95,53098879.23,24334.82542,897.7835809,218.4423556,327.3131389,76500.31147,504.5056265,5144.621321,149719.7499,42424.02887,3584.229024,4055083.422,43067.5368,63755.33725,3052087.91,824.4174858,18.4567967
7/12/41,131.7992912,16613.81385,5369.381545,1055394.213,70981.63924,48085.19366,55225.5279,217052.8189,1278.248398,97063.91459,116993.6192,3738987.819,563766.7674,291691.8144,5966.162716,4031.610844,2837.55815,17750.3942,230220.0925,100.8648352,1064609.7,636433.5775,557489.7435,23000.46411,4319.957936,11504.14873,46865408.22,52850598.61,24117.9972,945.3591551,203.6013067,273.2604136,56151.06323,533.2709898,4440.959404,144854.796,40239.84656,3712.648834,4359659.923,46806.64473,66755.30261,2801655.976,816.1955873,18.37049088
10/10/41,131.7484548,14730.46841,5442.449013,1058841.493,79972.78954,52946.03745,62540.70332,215125.7923,1140.773742,96678.55086,125512.8833,4033219.186,539488.1384,290884.9918,6145.906963,4242.638274,2938.671908,18385.91218,246457.9299,104.5880603,1134845.856,634661.4535,553097.8162,23321.76999,4265.904198,12247.57249,50502286.82,54877049.8,25253.34886,773.1841436,210.6411446,222.4048389,70845.55388,570.5721104,4640.777282,139774.3084,40393.17725,3849.147669,4658538.935,50574.94847,69253.20264,2935288.42,807.7621515,18.28598403
12/19/41,131.7092588,13019.02997,5491.505517,1062498.135,86791.23838,55813.98193,66953.64274,214057.8246,1177.630314,96357.71195,131682.7833,4264601.319,540327.4636,275762.2845,6440.753149,4356.891418,2510.88498,18386.14399,258567.3068,82.3263168,1190894.624,627082.9697,549142.8403,23531.0625,4265.275037,12810.65216,52751501.29,55176188.89,26432.49643,811.8237804,214.4403356,227.1959829,77372.61919,588.2872722,4773.075314,139971.2689,41305.16319,3950.459673,4645313.001,53422.58725,49514.91649,2975252.663,801.5397041,18.2237064